Sample_Name,NCBI_BioSample,Sequencing_Replicate,NCBI_SSR,Province,Locality,Locality_Code,In_situ_photo,Morphotype,Clade,GSH,%NA_17465SNPs,%NA_1559SNPs,ORF,PocHistone,PSH,SSH,Cluster,Pd2-001.1,Pd2-001.2,Pd3-004.1,Pd3-004.2,Pd3-005.1,Pd3-005.2,Pd2-006.1,Pd2-006.2,Pd3-008.1,Pd3-008.2,Pd3-009.1,Pd3-009.2,Poc40.1,Poc40.2,PV2.1,PV2.2,PV7.1,PV7.2,Pd4.1,Pd4.2,Pd11.1,Pd11.2,Pd13.1,Pd13.2,Pd3-EF35.1,Pd3-EF35.2
LP001,SAMN27760859,NA,SRR19052490,WIO,Reunion Island,REU,yes,fu,Clade_1,GSH01,0.0255940452333238,0.023733162283515102,ORF01,?,PSH01,PSH01,PSH01,218,218,181,187,231,231,215,229,179,179,361,361,320,320,149,149,246,246,158,162,?,?,?,?,227,227
NC08_040,SAMN27761029,NA,SRR19052346,TSP,Western Grande Terre,NCAw,yes,ac,Clade_2,GSH04a,0.314629258517034,0.35214881334188597,?,?,PSH04,SSH04a,SSH04a-1,220,220,178,181,240,246,213,237,182,182,?,?,?,?,177,177,?,?,158,158,164,164,172,172,203,206
NC19_094,SAMN27761036,NA,SRR19052339,TSP,Loyalty Islands,LOY,yes,da,Clade_2,GSH04b,0.152018322359004,0.141116100064144,ORF09,?,PSH04,SSH04b,SSH04b,218,220,178,181,243,243,211,217,194,197,355,355,?,?,147,177,252,252,158,162,144,146,172,172,?,?
ROD1_129,SAMN27761091,NA,SRR19052148,WIO,Rodrigues Island,ROD,yes,da,Clade_2,GSH04c,0.0214142570855998,0.0327132777421424,ORF17,?,PSH04,SSH04c,SSH04c,216,216,178,178,240,249,211,213,182,194,346,355,?,?,177,177,258,264,158,158,166,166,172,180,206,212
NC06_169,SAMN27761017,NA,SRR19052360,TSP,Western Grande Terre,NCAw,no,ac,Clade_2,GSH05a-1,0.36215287718293704,0.41308531109685703,ORF18,?,PSH09,SSH09b,SSH09b-2,216,216,178,181,234,234,211,217,182,182,?,?,?,?,147,147,246,254,158,158,?,?,?,?,206,218
NC07_146,SAMN27761026,NA,SRR19052350,TSP,Western Grande Terre,NCAw,yes,"ve,da",Clade_2,GSH05a-2,0.308044660750072,0.33162283515073804,?,?,PSH09,SSH09b,SSH09b-2,216,216,175,178,231,234,?,?,185,185,?,?,?,?,147,147,246,250,142,158,170,170,172,172,215,221
CHE09_084,SAMN27760790,NA,SRR19052131,TSP,Chesterfield Islands,CHE,yes,da,Clade_2,GSH05a-3,0.0171772115659891,0.023733162283515102,ORF18,?,PSH05,SSH05a,SSH05a (Yellow),218,218,178,178,206,234,213,213,179,182,346,346,326,326,147,149,248,248,158,158,144,164,176,184,200,209
ES13d_001,SAMN27760803,NA,SRR19052206,WIO,Reunion Island,REU,yes,ac,Clade_2,GSH05c-1,0.0637274549098196,0.0962155227710071,ORF18,?,PSH05,SSH05c,SSH05c-1 (Red),218,218,178,178,228,231,211,211,185,185,337,346,320,320,181,181,248,248,158,162,164,172,164,164,206,215
KI_L03,SAMN27760857,NA,SRR19052492,WIO,Reunion Island,REU,no,"ve,da",Clade_2,GSH05c-2,0.128371027769825,0.180885182809493,ORF18,?,PSH05,SSH05c,SSH05c-2 (Green),212,216,178,178,228,231,211,?,179,188,346,361,338,338,147,177,248,256,158,162,?,?,?,?,?,?
MAY5_152,SAMN27760971,MAY5_152-1,SRR19052436,WIO,Mayotte,MAY,no,da,Clade_2,GSH05d,0.0628685943315202,0.0756895445798589,?,?,PSH05,SSH05d,SSH05d-1 (Blue),216,216,181,181,225,228,215,215,182,185,355,361,323,335,147,177,252,252,158,158,164,170,168,184,203,215
NC06_058,SAMN27761007,NA,SRR19052371,TSP,Western Grande Terre,NCAw,yes,ac,Clade_2,GSH10,0.286000572573719,0.328415651058371,ORF30,?,PSH09,SSH09b,SSH09b-2,218,218,?,?,?,?,213,213,182,182,?,?,?,?,?,?,256,256,158,158,166,166,172,196,209,212
MAD_0424,SAMN27760900,NA,SRR19052469,WIO,Northeastern Madagascar,MADne,yes,gr,Clade_3,GSH12,0.0223876324076725,0.0301475304682489,ORF34,?,PSH13,SSH13a,SSH13a,216,216,181,181,225,231,205,205,185,185,355,355,317,317,147,147,256,256,162,162,170,170,168,172,203,209
JDN1_082,SAMN27760840,NA,SRR19052190,WIO,Juan de Nova Island,JDN,yes,"ve,da",Clade_3,GSH13a,0.17835671342685402,0.243104554201411,ORF39,?,PSH08,PSH08,PSH08,216,216,178,187,228,228,213,213,188,191,355,358,317,317,147,147,256,256,158,162,?,?,?,?,215,218
CHE03_002,SAMN27760774,NA,SRR19052388,TSP,Chesterfield Islands,CHE,yes,ve,Clade_3,GSH13c,0.569252791296879,0.646568313021167,ORF47,?,PSH13,SSH13c,SSH13c-1,222,222,181,181,228,228,211,211,182,182,355,355,320,326,147,147,250,258,154,162,164,164,172,176,209,209
Bo_01,SAMN27760754,NA,SRR19052500,SEP,Bora-Bora,BOR,no,me,Clade_3,GSH14,0.110563985113083,0.12251443232841601,ORF50,?,PSH14,PSH14,PSH14,216,216,181,181,231,231,211,211,182,188,355,355,?,?,173,173,250,252,158,162,148,156,172,172,212,212
NC08_099,SAMN27761031,NA,SRR19052344,TSP,Western Grande Terre,NCAw,yes,da,Clade_3,GSH15,0.331634697967363,0.37588197562540104,ORF52,?,PSH15,PSH15,PSH15,220,220,181,181,228,240,213,213,182,182,346,346,?,?,179,179,248,248,?,?,148,168,172,172,209,215
MAD_0656,SAMN27760907,NA,SRR19052461,WIO,Northwestern Madagascar,MADno,yes,gr,Clade_4,GSH09a,0.24540509590609802,0.24695317511225098,?,?,PSH09,SSH09a,SSH09a-2,216,216,190,190,237,252,211,211,182,182,358,358,314,320,147,147,252,252,158,158,150,168,?,?,206,212
NC21_069,SAMN27761040,NA,SRR19052334,TSP,Loyalty Islands,LOY,yes,"ve,me,gr",Clade_4,GSH09b,0.44958488405382196,0.506735086593971,ORF23,?,PSH06,PSH06,PSH06,224,224,178,181,231,234,211,211,182,182,?,?,?,?,147,147,238,238,162,166,148,160,172,176,209,218
NC08_019,SAMN27761027,NA,SRR19052349,TSP,Western Grande Terre,NCAw,yes,gr,Clade_4,GSH09c_TSP,0.45823074720870305,0.491340602950609,ORF27,?,PSH09,SSH09c,SSH09c-2,216,216,187,187,213,221,211,219,179,179,346,346,?,?,147,147,258,258,158,158,152,152,?,?,215,215
JDN1_070,SAMN27760839,NA,SRR19052191,WIO,Juan de Nova Island,JDN,yes,gr,Clade_4,GSH09c_WIO,0.20927569424563403,0.27004490057729297,?,Hist07,PSH09,SSH09c,SSH09c-3,?,?,190,190,219,222,211,211,179,179,352,358,311,311,147,147,244,248,158,158,?,?,?,?,221,224
JDN2_081,SAMN27760843,NA,SRR19052185,WIO,Juan de Nova Island,JDN,yes,velvety,Clade_4,GSH13b,0.146063555682794,0.205259781911482,ORF46,Hist01,PSH13,SSH13b,SSH13b,216,216,187,187,234,246,205,221,182,182,366,366,320,320,147,147,246,246,154,154,?,?,?,?,209,227
